Customer_ID,first_name,last_name,state,cst_create_date
894,Ursula,Lee,Wisconsin,5/28/2025
895,Samuel,Clark,Wisconsin,5/28/2025
896,Patrick,Scott,Wisconsin,5/28/2025
897,Mia,Davis,Wisconsin,5/28/2025
898,Jake,Davis,Wisconsin,5/28/2025
889,Tara,Sanchez,West Virginia,5/28/2025
890,Rachel,   Davis,West Virginia,5/28/2025
891,Olivia,Adams,West Virginia,5/28/2025
892,Leo,Smith,West Virginia,5/28/2025
893,Isla,Smith,West Virginia,5/28/2025
884,Samuel,Walker,Washington,5/28/2025
885,Quinn,Walker,Washington,5/28/2025
886,Noah,Reed,Washington,5/28/2025
887,Kayla,Reed,Washington,5/28/2025
888,Henry,   Green,Washington,5/28/2025
879,Rachel,Brooks,Virginia,5/28/2025
,Patrick,Hall,VA,5/28/2025
881,Mia,Martin,VA,5/28/2025
882,Jake,Green,Virginia,5/28/2025
,Gina,Reed,Virginia,5/28/2025
874,Quinn,Hayes,Vermont,5/28/2025
875,Olivia,Hughes,Vermont,5/28/2025
876,Leo,Green,Vermont,5/28/2025
877,Isla,Brown,Vermont,5/28/2025
878,  Felix,Davis,Vermont,5/28/2025
869,Patrick,Murphy,Utah,5/28/2025
870,Noah,Foster,Utah,5/28/2025
871,Kayla,Lewis,Utah,5/28/2025
872,Henry,Smith,Utah,5/28/2025
873,Ella,Brown,Utah,5/28/2025
701,Olivia,Barnes,Texas,5/28/2025
702,Mia,Cooper,Texas,5/28/2025
703,Jake,Scott,Texas,5/28/2025
704,Gina,Davis,Texas,5/28/2025
705,Daniel,Johnson,Texas,5/28/2025
706,Leo,Davis,Texas,5/28/2025
707,Patrick,Smith,Texas,5/28/2025
708,Tara,Reed,TX,5/28/2025
709,Xavier,Brown,TX,5/28/2025
710,Brian,Davis,TX,5/28/2025
711,Fred,Davis,TX,5/28/2025
712,Jack,Johnson,TX,5/28/2025
713,Nathan,Davis,TX,5/28/2025
714,Rachel,Johnson,TX,5/28/2025
715,Victoria,Davis,TX,5/28/2025
716,Zackary,Smith,TX,5/28/2025
717,Daniel,Davis,TX,5/28/2025
718,Henry,Reed,TX,5/28/2025
719,Leo,   Reed,Texas,5/28/2025
720,Patrick,Reed,Texas,5/28/2025
721,Tara,Reed,Texas,5/28/2025
722,Xavier,Reed,Texas,5/28/2025
723,Brian,Smith,Texas,5/28/2025
724,Fred,Brown,Texas,5/28/2025
725,Jack,Davis,Texas,5/28/2025
726,Nathan,Reed,Texas,5/28/2025
727,Rachel,Johnson,Texas,5/28/2025
728,Victoria,Smith,Texas,5/28/2025
729,Zackary,Davis,Texas,5/28/2025
730,Daniel,Reed,Texas,5/28/2025
731,Henry,Davis,Texas,5/28/2025
732,Brian,Wright,Texas,5/28/2025
733,  Frank,Rivera,Texas,5/28/2025
734,Jack,Hughes,Texas,5/28/2025
735,Nathan,Foster,Texas,5/28/2025
736,Rachel,Bailey,Texas,5/28/2025
737,Victor   ,Adams,Texas,5/28/2025
738,Zackary,Walker,Texas,5/28/2025
739,Daniel,Parker,Texas,5/28/2025
740,Henry,Martin,Texas,5/28/2025
741,Leo,Torres,Texas,5/28/2025
742,Patrick,Rogers,Texas,5/28/2025
743,Tara,Mitchell,Texas,5/28/2025
744,Xavier,Davis,Texas,5/28/2025
745,Brian,Foster,Texas,5/28/2025
746,Frank,Bailey,Texas,5/28/2025
747,Jack   ,Davis,Texas,5/28/2025
748,Nathan,Lee,Texas,5/28/2025
749,Rachel,Green,Texas,5/28/2025
750,Victor,Scott,Texas,5/28/2025
751,Zackary,Brown,Texas,5/28/2025
752,Daniel,Brown,Texas,5/28/2025
753,Henry,Carter,Texas,5/28/2025
754,Leo,Harris,Texas,5/28/2025
755,  Patrick,Davis,Texas,5/28/2025
756,Tara,Green,Texas,5/28/2025
757,Xavier,Taylor,Texas,5/28/2025
758,Brian,Smith,Texas,5/28/2025
759,Frank,Turner,Texas,5/28/2025
760,Jack,Green,Texas,5/28/2025
761,Nathan,Smith,Texas,5/28/2025
762,Rachel,Turner,Texas,5/28/2025
763,Victor,Reed,Texas,5/28/2025
764,Zackary,Wilson,Texas,5/28/2025
765,Daniel,Scott,Texas,5/28/2025
766,Henry,Clark,Texas,5/28/2025
767,Leo,Smith,Texas,5/28/2025
768,Patrick,Reed,Texas,5/28/2025
769,Tara,Reed,Texas,5/28/2025
770,Xavier,Reed,Texas,5/28/2025
771,Brian,Green,Texas,5/28/2025
772,Frank,Reed,Texas,5/28/2025
773,Jack,Smith,Texas,5/28/2025
774,Nathan,Wilson,Texas,5/28/2025
775,Rachel,Johnson,Texas,5/28/2025
776,Victor,Green,Texas,5/28/2025
777,Zackary,Brown,Texas,5/28/2025
778,Daniel,Wilson,Texas,5/28/2025
779,Henry,Reed,Texas,5/28/2025
780,Leo,Turner,Texas,5/28/2025
781,Patrick,Smith,Texas,5/28/2025
782,Tara,Scott,Texas,5/28/2025
783,Xavier,Scott,Texas,5/28/2025
784,Brian,Davis,Texas,5/28/2025
785,Frank,Davis,Texas,5/28/2025
786,Jack,Reed,Texas,5/28/2025
787,Nathan,Reed,Texas,5/28/2025
788,Rachel,Turner,Texas,5/28/2025
789,Victor,Davis,Texas,5/28/2025
790,Zackary,Scott,Texas,5/28/2025
791,Daniel,Turner,Texas,5/28/2025
792,Henry,Turner,Texas,5/28/2025
793,Leo,Reed,Texas,5/28/2025
794,Patrick,Reed,Texas,5/28/2025
795,Tara,Davis,Texas,5/28/2025
796,Xavier,Brown,Texas,5/28/2025
797,Brian,Scott,Texas,5/28/2025
798,Frank,Scott,Texas,5/28/2025
799,Jack,Harris,Texas,5/28/2025
800,Nathan,Green,Texas,5/28/2025
801,Rachel,Scott,Texas,5/28/2025
802,Victor,Turner,Texas,5/28/2025
803,Zackary,Turner,Texas,5/28/2025
804,Daniel,Reed,Texas,5/28/2025
805,Henry,Harris,Texas,5/28/2025
806,Leo,Scott,Texas,5/28/2025
807,Patrick,Davis,Texas,5/28/2025
808,Tara,Reed,Texas,5/28/2025
809,Xavier,Davis,Texas,5/28/2025
810,Brian,Davis,Texas,5/28/2025
811,Frank,Reed,Texas,5/28/2025
812,Jack,Reed,Texas,5/28/2025
813,Nathan,Reed,Texas,5/28/2025
814,Rachel,Davis,Texas,5/28/2025
815,Victor,Green,Texas,5/28/2025
816,Zackary,Turner,Texas,5/28/2025
817,Daniel,Davis,Texas,5/28/2025
818,Henry,Turner,Texas,5/28/2025
819,Leo,Davis,Texas,5/28/2025
820,Patrick,Scott,Texas,5/28/2025
821,Tara,Scott,Texas,5/28/2025
822,Xavier,Reed,Texas,5/28/2025
823,Brian,Reed,Texas,5/28/2025
824,Frank,Turner,Texas,5/28/2025
825,Jack,Davis,Texas,5/28/2025
826,Nathan,Turner,Texas,5/28/2025
827,Rachel,Davis,Texas,5/28/2025
828,Victor,Scott,Texas,5/28/2025
829,Zackary,Reed,Texas,5/28/2025
830,Daniel,Green,Texas,5/28/2025
831,Henry,Turner,Texas,5/28/2025
832,Leo,Turner,Texas,5/28/2025
833,Patrick,Davis,Texas,5/28/2025
834,Tara,Davis,Texas,5/28/2025
835,Xavier,Davis,Texas,5/28/2025
836,Brian,Davis,Texas,5/28/2025
837,Frank,Reed,Texas,5/28/2025
838,Jack,Turner,Texas,5/28/2025
839,Nathan,Scott,Texas,5/28/2025
840,Rachel,Scott,Texas,5/28/2025
841,Victor,Davis,Texas,5/28/2025
842,Zackary,Davis,Texas,5/28/2025
843,Daniel,Reed,Texas,5/28/2025
844,Henry,Reed,Texas,5/28/2025
845,Leo,Scott,Texas,5/28/2025
846,Patrick,Green,Texas,5/28/2025
847,Tara,Reed,Texas,5/28/2025
848,Xavier,Reed,Texas,5/28/2025
849,Brian,Reed,Texas,5/28/2025
850,Frank,Turner,Texas,5/28/2025
851,Jack,Green,Texas,5/28/2025
852,Nathan,Turner,Texas,5/28/2025
853,Rachel,Davis,Texas,5/28/2025
854,Victor,Green,Texas,5/28/2025
855,Zackary,Davis,Texas,5/28/2025
856,Daniel,Davis,Texas,5/28/2025
857,Henry,Turner,Texas,5/28/2025
858,Leo,Davis,Texas,5/28/2025
859,Patrick,Reed,Texas,5/28/2025
860,Tara,Turner,Texas,5/28/2025
861,Xavier,Turner,Texas,5/28/2025
862,Brian,Davis,Texas,5/28/2025
863,Frank,Reed,Texas,5/28/2025
864,Jack,Turner,Texas,5/28/2025
865,Nathan,Scott,Texas,5/28/2025
866,Rachel,Scott,Texas,5/28/2025
867,Victor,Scott,Texas,5/28/2025
868,Zackary,Reed,Texas,5/28/2025
696,Noah,Murphy,Tennessee,5/28/2025
697,Leo,Adams,Tennessee,5/28/2025
698,Isla,Reed,Tennessee,5/28/2025
699,Felix,Scott,Tennessee,5/28/2025
700,Chloe,Smith,Tennessee,5/28/2025
691,Mia,Collins,South Dakota,5/28/2025
692,Kayla,Stewart,South Dakota,5/28/2025
693,Henry,Harris,South Dakota,5/28/2025
694,Ella,Reed,South Dakota,5/28/2025
695,Benjamin,Davis,South Dakota,5/28/2025
686,Leo,Ramirez,South Carolina,5/28/2025
687,Jake,Miller,South Carolina,5/28/2025
688,Gina,Brown,South Carolina,5/28/2025
689,Daniel,Green,South Carolina,5/28/2025
690,Abigail,Reed,South Carolina,5/28/2025
681,Kayla,Morris,Rhode Island,5/28/2025
682,Isla,Clark,Rhode Island,5/28/2025
683,Felix,Johnson,Rhode Island,5/28/2025
684,Chloe,Adams,Rhode Island,5/28/2025
685,Zackary,Johnson,Rhode Island,5/28/2025
676,Jake,Cole,Pennsylvania,5/28/2025
677,Henry,Johnson,Pennsylvania,5/28/2025
678,Ella,Davis,Pennsylvania,5/28/2025
679,Benjamin,Brown,Pennsylvania,5/28/2025
680,Yara,Davis,Pennsylvania,5/28/2025
671,Isla,Turner,Oregon,5/28/2025
672,Gina,Hill,Oregon,5/28/2025
673,Daniel,Smith,Oregon,5/28/2025
674,Abigail,Johnson,Oregon,5/28/2025
675,Xena,Brown,Oregon,5/28/2025
666,Henry,Turner,Oklahoma,5/28/2025
667,Felix,Smith,Oklahoma,5/28/2025
668,Chloe,Reed,Oklahoma,5/28/2025
669,Zackary,Davis,Oklahoma,5/28/2025
670,William,Smith,Oklahoma,5/28/2025
498,Gina,Foster,Ohio,5/28/2025
499,Ella,James,Ohio,5/28/2025
500,Benjamin,Adams,Ohio,5/28/2025
501,Yara,Brown,Ohio,5/28/2025
502,Victoria,Reed,Ohio,5/28/2025
503,Mia,Reed,Ohio,5/28/2025
504,Quinn,Johnson,Ohio,5/28/2025
505,Ursula,Smith,Ohio,5/28/2025
506,Yvonne,Davis,Ohio,5/28/2025
507,Cynthia,Reed,Ohio,5/28/2025
508,Grace,Reed,Ohio,5/28/2025
509,Karen,Davis,Ohio,5/28/2025
510,Olivia,Reed,Ohio,5/28/2025
511,Steve,Smith,Ohio,5/28/2025
512,William,Brown,Ohio,5/28/2025
513,Abigail,Davis,Ohio,5/28/2025
514,Ella,Smith,Ohio,5/28/2025
515,Isla,Davis,Ohio,5/28/2025
516,Mia,Smith,Ohio,5/28/2025
517,Quinn,Brown,Ohio,5/28/2025
518,Ursula,Davis,Ohio,5/28/2025
519,Yvonne,Smith,Ohio,5/28/2025
520,Cynthia,Davis,Ohio,5/28/2025
521,Grace,Davis,Ohio,5/28/2025
522,Karen,Reed,Ohio,5/28/2025
523,Olivia,Smith,Ohio,5/28/2025
524,Steve,Brown,Ohio,5/28/2025
525,William,Davis,Ohio,5/28/2025
526,Abigail,Reed,Ohio,5/28/2025
527,Ella,Davis,Ohio,5/28/2025
528,Isla,Smith,Ohio,5/28/2025
529,Carla,Murphy,Ohio,5/28/2025
530,Gina,Coleman,Ohio,5/28/2025
531,Kelly,Brooks,Ohio,5/28/2025
532,Olivia,Bennett,Ohio,5/28/2025
533,Samuel,Moore,Ohio,5/28/2025
534,Wendy,Davis,Ohio,5/28/2025
535,Alicia,Green,Ohio,5/28/2025
536,Ella,Mitchell,Ohio,5/28/2025
537,Isabella,Foster,Ohio,5/28/2025
538,Mia,Rivera,Ohio,5/28/2025
539,Quinn,Scott,Ohio,5/28/2025
540,Ursula,Green,Ohio,5/28/2025
541,Yvonne,Clark,Ohio,5/28/2025
542,Carla,Turner,Ohio,5/28/2025
543,Gina,Adams,Ohio,5/28/2025
544,Kelly,Martinez,Ohio,5/28/2025
545,Olivia,Clark,Ohio,5/28/2025
546,Samuel,Harris,Ohio,5/28/2025
547,Wendy,Adams,Ohio,5/28/2025
548,Alicia,Scott,Ohio,5/28/2025
549,Ella,Scott,Ohio,5/28/2025
550,Isabella,Brown,Ohio,5/28/2025
551,Mia,Brown,Ohio,5/28/2025
552,Quinn,Harris,Ohio,5/28/2025
553,Ursula,Scott,Ohio,5/28/2025
554,Yvonne,Reed,Ohio,5/28/2025
555,Carla,Davis,Ohio,5/28/2025
556,Gina,Clark,Ohio,5/28/2025
557,Kelly,Davis,Ohio,5/28/2025
558,Olivia,Green,Ohio,5/28/2025
559,Samuel,Green,Ohio,5/28/2025
560,Wendy,Scott,Ohio,5/28/2025
561,Alicia,Green,Ohio,5/28/2025
562,Ella,Reed,Ohio,5/28/2025
563,Isabella,Reed,Ohio,5/28/2025
564,Mia,Davis,Ohio,5/28/2025
565,Quinn,Green,Ohio,5/28/2025
566,Ursula,Smith,Ohio,5/28/2025
567,Yvonne,Green,Ohio,5/28/2025
568,Carla,Johnson,Ohio,5/28/2025
569,Gina,Scott,Ohio,5/28/2025
570,Kelly,Green,Ohio,5/28/2025
571,Olivia,Brown,Ohio,5/28/2025
572,Samuel,Turner,Ohio,5/28/2025
573,Wendy,Reed,Ohio,5/28/2025
574,Alicia,Davis,Ohio,5/28/2025
575,Ella,Scott,Ohio,5/28/2025
576,Isabella,Scott,Ohio,5/28/2025
577,Mia,Green,Ohio,5/28/2025
578,Quinn,Davis,Ohio,5/28/2025
579,Ursula,Turner,Ohio,5/28/2025
580,Yvonne,Turner,Ohio,5/28/2025
581,Carla,Green,Ohio,5/28/2025
582,Gina,Turner,Ohio,5/28/2025
583,Kelly,Scott,Ohio,5/28/2025
584,Olivia,Scott,Ohio,5/28/2025
585,Samuel,Scott,Ohio,5/28/2025
586,Wendy,Turner,Ohio,5/28/2025
587,Alicia,Green,Ohio,5/28/2025
588,Ella,Harris,Ohio,5/28/2025
589,Isabella,Davis,Ohio,5/28/2025
590,Mia,Davis,Ohio,5/28/2025
591,Quinn,Davis,Ohio,5/28/2025
592,Ursula,Green,Ohio,5/28/2025
593,Yvonne,Green,Ohio,5/28/2025
594,Carla,Reed,Ohio,5/28/2025
595,Gina,Davis,Ohio,5/28/2025
596,Kelly,Davis,Ohio,5/28/2025
597,Olivia,Davis,Ohio,5/28/2025
598,Samuel,Davis,Ohio,5/28/2025
599,Wendy,Davis,Ohio,5/28/2025
600,Alicia,Smith,Ohio,5/28/2025
601,Ella,Scott,Ohio,5/28/2025
602,Isabella,Reed,Ohio,5/28/2025
603,Mia,Reed,Ohio,5/28/2025
604,Quinn,Reed,Ohio,5/28/2025
605,Ursula,Davis,Ohio,5/28/2025
606,Yvonne,Turner,Ohio,5/28/2025
607,Carla,Scott,Ohio,5/28/2025
608,Gina,Smith,Ohio,5/28/2025
609,Kelly,Turner,Ohio,5/28/2025
610,Olivia,Scott,Ohio,5/28/2025
611,Samuel,Scott,Ohio,5/28/2025
612,Wendy,Davis,Ohio,5/28/2025
613,Alicia,Green,Ohio,5/28/2025
614,Ella,Green,Ohio,5/28/2025
615,Isabella,Davis,Ohio,5/28/2025
616,Mia,Reed,Ohio,5/28/2025
617,Quinn,Reed,Ohio,5/28/2025
618,Ursula,Reed,Ohio,5/28/2025
619,Yvonne,Davis,Ohio,5/28/2025
620,Carla,Davis,Ohio,5/28/2025
621,Gina,Reed,Ohio,5/28/2025
622,Kelly,Green,Ohio,5/28/2025
623,Olivia,Reed,Ohio,5/28/2025
624,Samuel,Turner,Ohio,5/28/2025
625,Wendy,Reed,Ohio,5/28/2025
626,Alicia,Scott,Ohio,5/28/2025
627,Ella,Davis,Ohio,5/28/2025
628,Isabella,Green,Ohio,5/28/2025
629,Mia,Scott,Ohio,5/28/2025
630,Quinn,Scott,Ohio,5/28/2025
631,Ursula,Reed,Ohio,5/28/2025
632,Yvonne,Scott,Ohio,5/28/2025
633,Carla,Green,Ohio,5/28/2025
634,Gina,Davis,Ohio,5/28/2025
635,Kelly,Reed,Ohio,5/28/2025
636,Olivia,Green,Ohio,5/28/2025
637,Samuel,Reed,Ohio,5/28/2025
638,Wendy,Reed,Ohio,5/28/2025
639,Alicia,Smith,Ohio,5/28/2025
640,Ella,Scott,Ohio,5/28/2025
641,Isabella,Davis,Ohio,5/28/2025
642,Mia,Davis,Ohio,5/28/2025
643,Quinn,Davis,Ohio,5/28/2025
644,Ursula,Davis,Ohio,5/28/2025
645,Yvonne,Davis,Ohio,5/28/2025
646,Carla,Davis,Ohio,5/28/2025
647,Gina,Reed,Ohio,5/28/2025
648,Kelly,Davis,Ohio,5/28/2025
649,Olivia,Reed,Ohio,5/28/2025
650,Samuel,Turner,Ohio,5/28/2025
651,Wendy,Scott,Ohio,5/28/2025
652,Alicia,Scott,Ohio,5/28/2025
653,Ella,Green,Ohio,5/28/2025
654,Isabella,Reed,Ohio,5/28/2025
655,Mia,Reed,Ohio,5/28/2025
656,Quinn,Scott,Ohio,5/28/2025
657,Ursula,Green,Ohio,5/28/2025
658,Yvonne,Scott,Ohio,5/28/2025
659,Carla,Scott,Ohio,5/28/2025
660,Gina,Davis,Ohio,5/28/2025
661,Kelly,Green,Ohio,5/28/2025
662,Olivia,Green,Ohio,5/28/2025
663,Samuel,Reed,Ohio,5/28/2025
664,Wendy,Reed,Ohio,5/28/2025
665,Alicia,Smith,Ohio,5/28/2025
493,Felix,Carter,North Dakota,5/28/2025
494,Daniel,Young,North Dakota,5/28/2025
495,Abigail,Wilson,North Dakota,5/28/2025
496,Xena,Smith,North Dakota,5/28/2025
497,Ulysses,Davis,North Dakota,5/28/2025
488,Ella,Sanders,North Carolina,5/28/2025
489,Chloe,Nelson,North Carolina,5/28/2025
490,Zackary,Green,North Carolina,5/28/2025
491,William,Green,North Carolina,5/28/2025
492,Tina,Johnson,North Carolina,5/28/2025
320,Daniel,Hughes,New York,5/28/2025
321,Benjamin,Hall,New York,5/28/2025
322,Yara,Clark,New York,5/28/2025
323,Victoria,Scott,New York,5/28/2025
324,Steve,Davis,New York,5/28/2025
325,Noah,Smith,New York,5/28/2025
326,Rachel,Brown,New York,5/28/2025
327,Victor,Johnson,New York,5/28/2025
328,Zachary,Reed,New York,5/28/2025
329,Derek,Johnson,New York,5/28/2025
330,Hugo,Smith,New York,5/28/2025
331,Liam,Brown,New York,5/28/2025
332,Paul,Smith,New York,5/28/2025
333,Tina,Reed,New York,5/28/2025
334,Xena,Davis,New York,5/28/2025
335,Benjamin,Smith,New York,5/28/2025
336,Felix,Brown,New York,5/28/2025
337,Jake,Smith,New York,5/28/2025
338,Noah,Davis,New York,5/28/2025
339,Rachel,Davis,New York,5/28/2025
340,Victor,Smith,New York,5/28/2025
341,Zachary,Davis,New York,5/28/2025
342,Derek,Reed,New York,5/28/2025
343,Hugo,Reed,New York,5/28/2025
344,Liam,Smith,New York,5/28/2025
345,Paul,Davis,New York,5/28/2025
346,Tina,Davis,New York,5/28/2025
347,Xena,Reed,New York,5/28/2025
348,Benjamin,Davis,New York,5/28/2025
349,Felix,Smith,New York,5/28/2025
350,Jake,Reed,New York,5/28/2025
351,Derek,Young,New York,5/28/2025
352,Henry,Watson,New York,5/28/2025
353,Liam,Rogers,New York,5/28/2025
354,Peter,Peterson,New York,5/28/2025
355,Tara,Powell,New York,5/28/2025
356,Xavier,Harris,New York,5/28/2025
357,Benjamin,Wilson,New York,5/28/2025
358,Felix,Adams,New York,5/28/2025
359,Jake,Hernandez,New York,5/28/2025
360,Noah,Watson,New York,5/28/2025
361,Rachel,Davis,New York,5/28/2025
362,Victor,Lee,New York,5/28/2025
363,Zackary,Smith,New York,5/28/2025
364,Derek,Clark,New York,5/28/2025
365,Henry,Green,New York,5/28/2025
366,Liam,Brown,New York,5/28/2025
367,Peter,Davis,New York,5/28/2025
368,Tara,Walker,New York,5/28/2025
369,Xavier,Wilson,New York,5/28/2025
370,Benjamin,Turner,New York,5/28/2025
371,Felix,Lee,New York,5/28/2025
372,Jake,Martin,New York,5/28/2025
373,Noah,Clark,New York,5/28/2025
374,Rachel,Adams,New York,5/28/2025
375,Victor,Adams,New York,5/28/2025
376,Zackary,Green,New York,5/28/2025
377,Derek,Walker,New York,5/28/2025
378,Henry,Harris,New York,5/28/2025
379,Liam,Johnson,New York,5/28/2025
380,Peter,Reed,New York,5/28/2025
381,Tara,Harris,New York,5/28/2025
382,Xavier,Adams,New York,5/28/2025
383,Benjamin,Davis,New York,5/28/2025
384,Felix,Turner,New York,5/28/2025
385,Jake,Brown,New York,5/28/2025
386,Noah,Green,New York,5/28/2025
387,Rachel,Brown,New York,5/28/2025
388,Victor,Davis,New York,5/28/2025
389,Zackary,Davis,New York,5/28/2025
390,Derek,Brown,New York,5/28/2025
391,Henry,Wilson,New York,5/28/2025
392,Liam,Reed,New York,5/28/2025
393,Peter,Green,New York,5/28/2025
394,Tara,Davis,New York,5/28/2025
395,Xavier,Harris,New York,5/28/2025
396,Benjamin,Reed,New York,5/28/2025
397,Felix,Johnson,New York,5/28/2025
398,Jake,Davis,New York,5/28/2025
399,Noah,Davis,New York,5/28/2025
400,Rachel,Green,New York,5/28/2025
401,Victor,Reed,New York,5/28/2025
402,Zackary,Green,New York,5/28/2025
403,Derek,Smith,New York,5/28/2025
404,Henry,Scott,New York,5/28/2025
405,Liam,Turner,New York,5/28/2025
406,Peter,Davis,New York,5/28/2025
407,Tara,Reed,New York,5/28/2025
408,Xavier,Reed,New York,5/28/2025
409,Benjamin,Reed,New York,5/28/2025
410,Felix,Green,New York,5/28/2025
411,Jake,Scott,New York,5/28/2025
412,Noah,Scott,New York,5/28/2025
413,Rachel,Harris,New York,5/28/2025
414,Victor,Scott,New York,5/28/2025
415,Zackary,Reed,New York,5/28/2025
416,Derek,Davis,New York,5/28/2025
417,Henry,Reed,New York,5/28/2025
418,Liam,Reed,New York,5/28/2025
419,Peter,Reed,New York,5/28/2025
420,Tara,Green,New York,5/28/2025
421,Xavier,Reed,New York,5/28/2025
422,Benjamin,Green,New York,5/28/2025
423,Felix,Turner,New York,5/28/2025
424,Jake,Turner,New York,5/28/2025
425,Noah,Turner,New York,5/28/2025
426,Rachel,Green,New York,5/28/2025
427,Victor,Harris,New York,5/28/2025
428,Zackary,Harris,New York,5/28/2025
429,Derek,Turner,New York,5/28/2025
430,Henry,Davis,New York,5/28/2025
431,Liam,Davis,New York,5/28/2025
432,Peter,Turner,New York,5/28/2025
433,Tara,Turner,New York,5/28/2025
434,Xavier,Scott,New York,5/28/2025
435,Benjamin,Reed,New York,5/28/2025
436,Felix,Harris,New York,5/28/2025
437,Jake,Scott,New York,5/28/2025
438,Noah,Turner,New York,5/28/2025
439,Rachel,Turner,New York,5/28/2025
440,Victor,Davis,New York,5/28/2025
441,Zackary,Scott,New York,5/28/2025
442,Derek,Green,New York,5/28/2025
443,Henry,Smith,New York,5/28/2025
444,Liam,Reed,New York,5/28/2025
445,Peter,Scott,New York,5/28/2025
446,Tara,Reed,New York,5/28/2025
447,Xavier,Davis,New York,5/28/2025
448,Benjamin,Turner,New York,5/28/2025
449,Felix,Scott,New York,5/28/2025
450,Jake,Davis,New York,5/28/2025
451,Noah,Reed,New York,5/28/2025
452,Rachel,Reed,New York,5/28/2025
453,Victor,Turner,New York,5/28/2025
454,Zackary,Turner,New York,5/28/2025
455,Derek,Scott,New York,5/28/2025
456,Henry,Green,New York,5/28/2025
457,Liam,Davis,New York,5/28/2025
458,Peter,Davis,New York,5/28/2025
459,Tara,Green,New York,5/28/2025
460,Xavier,Green,New York,5/28/2025
461,Benjamin,Reed,New York,5/28/2025
462,Felix,Davis,New York,5/28/2025
463,Jake,Green,New York,5/28/2025
464,Noah,Reed,New York,5/28/2025
465,Rachel,Turner,New York,5/28/2025
466,Victor,Scott,New York,5/28/2025
467,Zackary,Turner,New York,5/28/2025
468,Derek,Green,New York,5/28/2025
469,Henry,Davis,New York,5/28/2025
470,Liam,Reed,New York,5/28/2025
471,Peter,Scott,New York,5/28/2025
472,Tara,Reed,New York,5/28/2025
473,Xavier,Reed,New York,5/28/2025
474,Benjamin,Reed,New York,5/28/2025
475,Felix,Reed,New York,5/28/2025
476,Jake,Scott,New York,5/28/2025
477,Noah,Turner,New York,5/28/2025
478,Rachel,Reed,New York,5/28/2025
479,Victor,Reed,New York,5/28/2025
480,Zackary,Green,New York,5/28/2025
481,Derek,Turner,New York,5/28/2025
482,Henry,Scott,New York,5/28/2025
483,Liam,Davis,New York,5/28/2025
484,Peter,Davis,New York,5/28/2025
485,Tara,Davis,New York,5/28/2025
486,Xavier,Davis,New York,5/28/2025
487,Benjamin,Green,New York,5/28/2025
315,Chloe,Cooper,New Mexico,5/28/2025
316,Abigail,Davis,New Mexico,5/28/2025
317,Xena,Johnson,New Mexico,5/28/2025
318,Ulysses,Clark,New Mexico,5/28/2025
319,Rachel,Smith,New Mexico,5/28/2025
310,Benjamin,Harris,New Jersey,5/28/2025
311,Zackary,Adams,New Jersey,5/28/2025
312,William,Martin,New Jersey,5/28/2025
313,Tina,Adams,New Jersey,5/28/2025
314,Quinn,Green,New Jersey,5/28/2025
305,Abigail,Bailey,New Hampshire,5/28/2025
306,Yara,Scott,New Hampshire,5/28/2025
307,Victoria,Lewis,New Hampshire,5/28/2025
308,Steve,Green,New Hampshire,5/28/2025
309,Paul,Brown,New Hampshire,5/28/2025
300,Zackary,Brooks,Nevada,5/28/2025
301,Xena,Parker,Nevada,5/28/2025
302,Ulysses,Brown,Nevada,5/28/2025
303,Rachel,Reed,Nevada,5/28/2025
304,Olivia,Smith,Nevada,5/28/2025
295,Yara,Lee,Nebraska,5/28/2025
296,William,Reed,Nebraska,5/28/2025
297,Tina,Davis,Nebraska,5/28/2025
298,Quinn,Davis,Nebraska,5/28/2025
299,Nathan,Reed,Nebraska,5/28/2025
290,Xena,Reed,Montana,5/28/2025
291,Victoria,Murphy,Montana,5/28/2025
292,Steve,Harris,Montana,5/28/2025
293,Paul,Adams,Montana,5/28/2025
294,Monica,Davis,Montana,5/28/2025
285,William,Phillips,Missouri,5/28/2025
286,Ulysses,Lewis,Missouri,5/28/2025
287,Rachel,Bell,Missouri,5/28/2025
288,Olivia,Johnson,Missouri,5/28/2025
289,Liam,Smith,Missouri,5/28/2025
280,Victoria,Turner,Mississippi,5/28/2025
281,Tina,Martin,Mississippi,5/28/2025
282,Quinn,Scott,Mississippi,5/28/2025
283,Nathan,Green,Mississippi,5/28/2025
284,Karen,Brown,Mississippi,5/28/2025
275,Ulysses,Parker,Minnesota,5/28/2025
276,Steve,Turner,Minnesota,5/28/2025
277,Paul,Martinez,Minnesota,5/28/2025
278,Monica,Reed,Minnesota,5/28/2025
279,Jack,Davis,Minnesota,5/28/2025
270,Tina,Evans,Michigan,5/28/2025
271,Rachel,Lewis,Michigan,5/28/2025
272,Olivia,Lee,Michigan,5/28/2025
273,Liam,Davis,Michigan,5/28/2025
274,Ivy,Green,Michigan,5/28/2025
265,Steve,Baker,Massachusetts,5/28/2025
266,Quinn,Cooper,Massachusetts,5/28/2025
267,Nathan,Hill,Massachusetts,5/28/2025
268,Karen,Smith,Massachusetts,5/28/2025
269,Hugo,Brown,Massachusetts,5/28/2025
260,Rachel,Green,Maryland,5/28/2025
261,Paul,Bell,Maryland,5/28/2025
262,Monica,King,Maryland,5/28/2025
263,Jack,Green,Maryland,5/28/2025
264,Grace,Johnson,Maryland,5/28/2025
255,Quinn,Rogers,Maine,5/28/2025
256,Olivia,Ward,Maine,5/28/2025
257,Liam,Hughes,Maine,5/28/2025
258,Ivy,Scott,Maine,5/28/2025
259,Fred,Reed,Maine,5/28/2025
250,Paul,Baker,Louisiana,5/28/2025
251,Nathan,Clark,Louisiana,5/28/2025
252,Karen,King,Louisiana,5/28/2025
253,Hugo,King,Louisiana,5/28/2025
254,Erin,Davis,Louisiana,5/28/2025
245,Olivia,Adams,Kentucky,5/28/2025
246,Monica,Wood,Kentucky,5/28/2025
247,Jack,Reed,Kentucky,5/28/2025
248,Grace,Brown,Kentucky,5/28/2025
249,Derek,Scott,Kentucky,5/28/2025
240,Nathan,Wright,Kansas,5/28/2025
241,Liam,Watson,Kansas,5/28/2025
242,Ivy,Morris,Kansas,5/28/2025
243,Fred,Johnson,Kansas,5/28/2025
244,Cynthia,Green,Kansas,5/28/2025
235,Mona,Scott,Iowa,5/28/2025
236,Karen,Mitchell,Iowa,5/28/2025
237,Hugo,Lewis,Iowa,5/28/2025
238,Erin,Reed,Iowa,5/28/2025
239,Brian,Brown,Iowa,5/28/2025
230,Liam,King,Indiana,5/28/2025
231,Jack,Parker,Indiana,5/28/2025
232,Grace,King,Indiana,5/28/2025
233,Derek,Adams,Indiana,5/28/2025
234,Amelia,Davis,Indiana,5/28/2025
225,Karen,Young,Illinois,5/28/2025
226,Ivy,James,Illinois,5/28/2025
227,Fred,Martin,Illinois,5/28/2025
228,Cynthia,Reed,Illinois,5/28/2025
229,Zachary,Scott,Illinois,5/28/2025
220,Jack,Allen,Idaho,5/28/2025
221,Hugo,Edwards,Idaho,5/28/2025
222,Erin,Brown,Idaho,5/28/2025
223,Brian,Lewis,Idaho,5/28/2025
224,Yvonne,Reed,Idaho,5/28/2025
215,Ivy,Hall,Hawaii,5/28/2025
216,Grace,Scott,Hawaii,5/28/2025
217,Derek,Taylor,Hawaii,5/28/2025
218,Amelia,Green,Hawaii,5/28/2025
219,Xavier,Davis,Hawaii,5/28/2025
210,Henry,Walker,Georgia,5/28/2025
211,Fred,Harris,Georgia,5/28/2025
212,Cynthia,Wilson,Georgia,5/28/2025
213,Zachary,Wilson,Georgia,5/28/2025
214,Wanda,Green,Georgia,5/28/2025
205,Grace,Martinez,Florida,5/28/2025
206,Erin,Stewart,Florida,5/28/2025
207,Brian,Davis,Florida,5/28/2025
208,Yvonne,Smith,Florida,5/28/2025
209,Victor,Reed,Florida,5/28/2025
200,Frank,Lewis,Delaware,5/28/2025
201,Derek,Robinson,Delaware,5/28/2025
202,Amelia,Hill,Delaware,5/28/2025
203,Xavier,Green,Delaware,5/28/2025
204,Ursula,Davis,Delaware,5/28/2025
195,Emily,Clark,Connecticut,5/28/2025
196,Cynthia,Bell,Connecticut,5/28/2025
197,Zachary,Murphy,Connecticut,5/28/2025
198,Wanda,Martin,Connecticut,5/28/2025
199,Tara,Smith,Connecticut,5/28/2025
190,David,Wilson,Colorado,5/28/2025
191,Brian,White,CO,5/28/2025
192,Yvonne,Turner,CO,5/28/2025
,Victor,Adams,CO,5/28/2025
194,Samuel,Adams,Colorado,5/28/2025
21,Carol,Davis,California,5/28/2025
22,Victor,Cruz,California,5/28/2025
23,Amelia,Ross,California,5/28/2025
24,Xavier,Hughes,California,5/28/2025
25,Ursula,Brown,California,5/28/2025
26,Rachel,Johnson,California,5/28/2025
27,Kayla,Brown,California,5/28/2025
28,Olivia,Davis,California,5/28/2025
29,Samuel,Davis,California,5/28/2025
30,Wanda,Davis,California,5/28/2025
31,Amelia,Smith,California,5/28/2025
32,Erin,Brown,California,5/28/2025
33,Ivy,Davis,California,5/28/2025
34,Monica,Smith,California,5/28/2025
35,Quinn,Davis,California,5/28/2025
36,Ulysses,Smith,California,5/28/2025
37,Yara,Reed,California,5/28/2025
38,Chloe,Reed,California,5/28/2025
39,Gina,Davis,California,5/28/2025
40,Kayla,Davis,California,5/28/2025
41,Olivia,Smith,California,5/28/2025
42,Samuel,Smith,California,5/28/2025
43,Wanda,Davis,California,5/28/2025
44,Amelia,Reed,California,5/28/2025
45,Erin,Johnson,California,5/28/2025
46,Ivy,Smith,California,5/28/2025
47,Monica,Davis,California,5/28/2025
48,Quinn,Reed,California,5/28/2025
49,Ulysses,Reed,California,5/28/2025
50,Yara,Smith,California,5/28/2025
51,Chloe,Smith,California,5/28/2025
52,Gina,Reed,California,5/28/2025
53,Amanda,Roberts,California,5/28/2025
54,Emma,Phillips,California,5/28/2025
55,Iris,Richardson,California,5/28/2025
56,Monica,Phillips,California,5/28/2025
57,Quinn,Rogers,California,5/28/2025
58,Ulysses,Rogers,California,5/28/2025
59,Yvonne,Turner,California,5/28/2025
60,Chloe,Morris,California,5/28/2025
61,Grace,Ramirez,California,5/28/2025
62,Kayla,Lee,California,5/28/2025
63,Olivia,Miller,California,5/28/2025
64,Samuel,Brown,California,5/28/2025
65,Wanda,Reed,California,5/28/2025
66,Alicia,Carter,California,5/28/2025
67,Emma,Johnson,California,5/28/2025
68,Iris,Taylor,California,5/28/2025
69,Monica,Reed,California,5/28/2025
70,Quinn,Adams,California,5/28/2025
71,Ulysses,Morris,California,5/28/2025
72,Yvonne,Harris,California,5/28/2025
73,Chloe,Rogers,California,5/28/2025
74,Grace,Adams,California,5/28/2025
75,Kayla,Reed,California,5/28/2025
76,Olivia,Turner,California,5/28/2025
77,Samuel,Lee,California,5/28/2025
78,Wanda,Wilson,California,5/28/2025
79,Alicia,Mitchell,California,5/28/2025
80,Emma,Brown,California,5/28/2025
81,Iris,Reed,California,5/28/2025
82,Monica,Turner,California,5/28/2025
83,Quinn,Wilson,California,5/28/2025
84,Ulysses,Clark,California,5/28/2025
85,Yvonne,Brown,California,5/28/2025
86,Chloe,Johnson,California,5/28/2025
87,Grace,Wilson,California,5/28/2025
88,Kayla,Turner,California,5/28/2025
89,Olivia,Wilson,California,5/28/2025
90,Samuel,Davis,California,5/28/2025
91,Wanda,Brown,California,5/28/2025
92,Alicia,Reed,California,5/28/2025
93,Emma,Davis,California,5/28/2025
94,Iris,Harris,California,5/28/2025
95,Monica,Scott,California,5/28/2025
96,Quinn,Reed,California,5/28/2025
97,Ulysses,Scott,California,5/28/2025
98,Yvonne,Smith,California,5/28/2025
99,Chloe,Turner,California,5/28/2025
100,Grace,Turner,California,5/28/2025
101,Kayla,Smith,California,5/28/2025
102,Olivia,Reed,California,5/28/2025
103,Samuel,Reed,California,5/28/2025
104,Wanda,Harris,California,5/28/2025
105,Alicia,Smith,California,5/28/2025
106,Emma,Reed,California,5/28/2025
107,Iris,Green,California,5/28/2025
108,Monica,Brown,California,5/28/2025
109,Quinn,Green,California,5/28/2025
110,Ulysses,Green,California,5/28/2025
111,Yvonne,Davis,California,5/28/2025
112,Chloe,Davis,California,5/28/2025
113,Grace,Reed,California,5/28/2025
114,Kayla,Green,California,5/28/2025
115,Olivia,Turner,California,5/28/2025
116,Samuel,Turner,California,5/28/2025
117,Wanda,Reed,California,5/28/2025
118,Alicia,Davis,California,5/28/2025
119,Emma,Turner,California,5/28/2025
120,Iris,Turner,California,5/28/2025
121,Monica,Scott,California,5/28/2025
122,Quinn,Turner,California,5/28/2025
123,Ulysses,Reed,California,5/28/2025
124,Yvonne,Scott,California,5/28/2025
125,Chloe,Davis,California,5/28/2025
126,Grace,Davis,California,5/28/2025
127,Kayla,Davis,California,5/28/2025
128,Olivia,Green,California,5/28/2025
129,Samuel,Turner,California,5/28/2025
130,Wanda,Scott,California,5/28/2025
131,Alicia,Reed,California,5/28/2025
132,Emma,Green,California,5/28/2025
133,Iris,Scott,California,5/28/2025
134,Monica,Green,California,5/28/2025
135,Quinn,Green,California,5/28/2025
136,Ulysses,Reed,California,5/28/2025
137,Yvonne,Reed,California,5/28/2025
138,Chloe,Turner,California,5/28/2025
139,Grace,Reed,California,5/28/2025
140,Kayla,Green,California,5/28/2025
141,Olivia,Davis,California,5/28/2025
142,Samuel,Green,California,5/28/2025
143,Wanda,Turner,California,5/28/2025
144,Alicia,Turner,California,5/28/2025
145,Emma,Scott,California,5/28/2025
146,Iris,Turner,California,5/28/2025
147,Monica,Scott,California,5/28/2025
148,Quinn,Green,California,5/28/2025
149,Ulysses,Davis,California,5/28/2025
150,Yvonne,Green,California,5/28/2025
151,Chloe,Reed,California,5/28/2025
152,Grace,Reed,California,5/28/2025
153,Kayla,Reed,California,5/28/2025
154,Olivia,Turner,California,5/28/2025
155,Samuel,Green,California,5/28/2025
156,Wanda,Green,California,5/28/2025
157,Alicia,Reed,California,5/28/2025
158,Emma,Turner,California,5/28/2025
159,Iris,Davis,California,5/28/2025
160,Monica,Reed,California,5/28/2025
161,Quinn,Turner,California,5/28/2025
162,Ulysses,Turner,California,5/28/2025
163,Yvonne,Turner,California,5/28/2025
164,Chloe,Green,California,5/28/2025
165,Grace,Turner,California,5/28/2025
166,Kayla,Reed,California,5/28/2025
167,Olivia,Turner,California,5/28/2025
168,Samuel,Scott,California,5/28/2025
169,Wanda,Turner,California,5/28/2025
170,Alicia,Green,California,5/28/2025
171,Emma,Scott,California,5/28/2025
172,Iris,Turner,California,5/28/2025
173,Monica,Scott,California,5/28/2025
174,Quinn,Green,California,5/28/2025
175,Ulysses,Davis,California,5/28/2025
176,Yvonne,Turner,California,5/28/2025
177,Chloe,Turner,California,5/28/2025
178,Grace,Davis,California,5/28/2025
179,Kayla,Green,California,5/28/2025
180,Olivia,Davis,California,5/28/2025
181,Samuel,Davis,California,5/28/2025
182,Wanda,Davis,California,5/28/2025
183,Alicia,Reed,California,5/28/2025
184,Emma,Green,California,5/28/2025
185,Iris,Reed,California,5/28/2025
186,Monica,Reed,California,5/28/2025
187,Quinn,Turner,California,5/28/2025
188,Ulysses,Green,California,5/28/2025
189,Yvonne,Turner,California,5/28/2025
16,Bob,Brown,Arkansas,5/28/2025
17,Zachary,Hughes,Arkansas,5/28/2025
18,Wanda,Reed,Arkansas,5/28/2025
19,Tara,Clark,Arkansas,5/28/2025
20,Quinn,Smith,Arkansas,5/28/2025
11,Alice,Johnson,Arizona,5/28/2025
12,Yvonne,Griffin,Arizona,5/28/2025
13,Victor,Scott,Arizona,5/28/2025
14,Samuel,Reed,Arizona,5/28/2025
15,Patrick,Reed,Arizona,5/28/2025
6,Jane,Doe,Alaska,5/28/2025
7,Xavier,Wright,Alaska,5/28/2025
8,    Ursula,Turner,Alaska,5/28/2025
9,Rachel,Lewis,Alaska,5/28/2025
10,Olivia,Brown,Alaska,5/28/2025
1,John,Smith,Alabama,5/28/2025
2,Wanda,Fisher,AL,5/28/2025
3,Tara,Green,AL,5/28/2025
4,Quinn,Johnson,AL,5/28/2025
5,Noah,Green,Alabama,5/28/2025
5,Noah,Green,Alabama,5/29/2025
5,Noah,Green,Alabama,5/30/2025
13,Victor,Scott,Arizona,5/29/2025
13,Victor,Scott,Arizona,5/30/2025
17,Zachary,Hughes,Arkansas,5/29/2025
111,Yvonne,Davis,California,5/30/2025
168,Samuel,Scott,California,5/30/2025
